A,1,1,0.134074,27,43
A,1,2,0.243413,27,43
A,1,3,0.661209,27,43
A,1,4,0.930559,27,43
A,1,5,0.148181,27,43
A,1,6,0.345064,27,43
A,1,7,0.003350,27,43
A,1,8,0.352405,27,43
A,1,9,0.494655,27,43
A,1,10,0.428309,27,43
A,1,11,0.606228,27,43
A,1,12,0.895351,27,43
A,1,13,0.901927,27,43
A,1,14,0.716323,27,43
A,1,15,0.863261,27,43
A,1,16,0.972869,27,43
A,1,17,0.400054,27,43
A,1,18,0.601528,27,43
A,1,19,0.566094,27,43
A,1,20,0.392344,27,43
A,1,21,0.997424,27,43
A,1,22,0.644768,27,43
A,1,23,0.572394,27,43
A,1,24,0.676078,27,43
A,1,25,0.129216,27,43
A,2,1,0.882804,27,43
A,2,2,0.191825,27,43
A,2,3,0.823324,27,43
A,2,4,0.028685,27,43
A,2,5,0.756171,27,43
A,2,6,0.226398,27,43
A,2,7,0.582300,27,43
A,2,8,0.186323,27,43
A,2,9,0.841556,27,43
A,2,10,0.285688,27,43
A,2,11,0.100253,27,43
A,2,12,0.035867,27,43
A,2,13,0.089695,27,43
A,2,14,0.565424,27,43
A,2,15,0.602802,27,43
A,2,16,0.860375,27,43
A,2,17,0.179986,27,43
A,2,18,0.222784,27,43
A,2,19,0.470337,27,43
A,2,20,0.204047,27,43
A,2,21,0.395059,27,43
A,2,22,0.781051,27,43
A,2,23,0.912940,27,43
A,2,24,0.146606,27,43
A,2,25,0.939142,27,43
A,3,1,0.553792,27,43
A,3,2,0.490553,27,43
A,3,3,0.288913,27,43
A,3,4,0.942638,27,43
A,3,5,0.653737,27,43
A,3,6,0.029535,27,43
A,3,7,0.598762,27,43
A,3,8,0.678154,27,43
A,3,9,0.180601,27,43
A,3,10,0.677150,27,43
A,3,11,0.424473,27,43
A,3,12,0.801680,27,43
A,3,13,0.428261,27,43
A,3,14,0.272107,27,43
A,3,15,0.244460,27,43
A,3,16,0.760279,27,43
A,3,17,0.954621,27,43
A,3,18,0.128841,27,43
A,3,19,0.297099,27,43
A,3,20,0.973168,27,43
A,3,21,0.915201,27,43
A,3,22,0.877904,27,43
A,3,23,0.920087,27,43
A,3,24,0.856865,27,43
A,3,25,0.790727,27,43
A,4,1,0.965147,27,43
A,4,2,0.928888,27,43
A,4,3,0.283064,27,43
A,4,4,0.803389,27,43
A,4,5,0.798279,27,43
A,4,6,0.382687,27,43
A,4,7,0.525490,27,43
A,4,8,0.114262,27,43
A,4,9,0.911752,27,43
A,4,10,0.912517,27,43
A,4,11,0.030634,27,43
A,4,12,0.600913,27,43
A,4,13,0.262104,27,43
A,4,14,0.877588,27,43
A,4,15,0.113168,27,43
A,4,16,0.456297,27,43
A,4,17,0.879857,27,43
A,4,18,0.159648,27,43
A,4,19,0.901849,27,43
A,4,20,0.401050,27,43
A,4,21,0.834133,27,43
A,4,22,0.425023,27,43
A,4,23,0.823525,27,43
A,4,24,0.839466,27,43
A,4,25,0.742190,27,43
A,5,1,0.698545,27,43
A,5,2,0.529069,27,43
A,5,3,0.290751,27,43
A,5,4,0.573659,27,43
A,5,5,0.153606,27,43
A,5,6,0.088997,27,43
A,5,7,0.002503,27,43
A,5,8,0.278667,27,43
A,5,9,0.291905,27,43
A,5,10,0.535015,27,43
A,5,11,0.061478,27,43
A,5,12,0.562118,27,43
A,5,13,0.117102,27,43
A,5,14,0.328100,27,43
A,5,15,0.840321,27,43
A,5,16,0.669323,27,43
A,5,17,0.399278,27,43
A,5,18,0.605357,27,43
A,5,19,0.363678,27,43
A,5,20,0.480581,27,43
A,5,21,0.605482,27,43
A,5,22,0.165182,27,43
A,5,23,0.776129,27,43
A,5,24,0.349980,27,43
A,5,25,0.771772,27,43
A,6,1,0.258453,27,43
A,6,2,0.073753,27,43
A,6,3,0.113138,27,43
A,6,4,0.244847,27,43
A,6,5,0.859746,27,43
A,6,6,0.954906,27,43
A,6,7,0.051183,27,43
A,6,8,0.516920,27,43
A,6,9,0.831292,27,43
A,6,10,0.771235,27,43
A,6,11,0.767838,27,43
A,6,12,0.337423,27,43
A,6,13,0.216772,27,43
A,6,14,0.540488,27,43
A,6,15,0.767268,27,43
A,6,16,0.128082,27,43
A,6,17,0.902690,27,43
A,6,18,0.060847,27,43
A,6,19,0.454953,27,43
A,6,20,0.390138,27,43
A,6,21,0.636794,27,43
A,6,22,0.396703,27,43
A,6,23,0.552805,27,43
A,6,24,0.001630,27,43
A,6,25,0.876680,27,43
A,7,1,0.263879,27,43
A,7,2,0.393693,27,43
A,7,3,0.172381,27,43
A,7,4,0.218983,27,43
A,7,5,0.390311,27,43
A,7,6,0.772890,27,43
A,7,7,0.015980,27,43
A,7,8,0.867734,27,43
A,7,9,0.307818,27,43
A,7,10,0.216631,27,43
A,7,11,0.912470,27,43
A,7,12,0.848815,27,43
A,7,13,0.465137,27,43
A,7,14,0.450971,27,43
A,7,15,0.418387,27,43
A,7,16,0.834200,27,43
A,7,17,0.918975,27,43
A,7,18,0.813024,27,43
A,7,19,0.526483,27,43
A,7,20,0.800246,27,43
A,7,21,0.783053,27,43
A,7,22,0.319832,27,43
A,7,23,0.965279,27,43
A,7,24,0.585172,27,43
A,7,25,0.412867,27,43
A,8,1,0.331277,27,43
A,8,2,0.417664,27,43
A,8,3,0.269403,27,43
A,8,4,0.696439,27,43
A,8,5,0.221717,27,43
A,8,6,0.297283,27,43
A,8,7,0.790161,27,43
A,8,8,0.601220,27,43
A,8,9,0.516366,27,43
A,8,10,0.925918,27,43
A,8,11,0.741051,27,43
A,8,12,0.630796,27,43
A,8,13,0.465629,27,43
A,8,14,0.096104,27,43
A,8,15,0.432112,27,43
A,8,16,0.564326,27,43
A,8,17,0.592675,27,43
A,8,18,0.464828,27,43
A,8,19,0.905591,27,43
A,8,20,0.612320,27,43
A,8,21,0.007465,27,43
A,8,22,0.336347,27,43
A,8,23,0.598376,27,43
A,8,24,0.289522,27,43
A,8,25,0.937364,27,43
A,9,1,0.919147,27,43
A,9,2,0.190855,27,43
A,9,3,0.201809,27,43
A,9,4,0.035567,27,43
A,9,5,0.076162,27,43
A,9,6,0.383732,27,43
A,9,7,0.514994,27,43
A,9,8,0.904795,27,43
A,9,9,0.662734,27,43
A,9,10,0.516883,27,43
A,9,11,0.496541,27,43
A,9,12,0.261141,27,43
A,9,13,0.953444,27,43
A,9,14,0.385055,27,43
A,9,15,0.290057,27,43
A,9,16,0.233742,27,43
A,9,17,0.872343,27,43
A,9,18,0.159610,27,43
A,9,19,0.960160,27,43
A,9,20,0.506065,27,43
A,9,21,0.548775,27,43
A,9,22,0.352556,27,43
A,9,23,0.840724,27,43
A,9,24,0.182734,27,43
A,9,25,0.054426,27,43
A,10,1,0.236007,27,43
A,10,2,0.242459,27,43
A,10,3,0.329830,27,43
A,10,4,0.576778,27,43
A,10,5,0.084495,27,43
A,10,6,0.975137,27,43
A,10,7,0.422798,27,43
A,10,8,0.767851,27,43
A,10,9,0.755898,27,43
A,10,10,0.902892,27,43
A,10,11,0.124297,27,43
A,10,12,0.252007,27,43
A,10,13,0.541638,27,43
A,10,14,0.449171,27,43
A,10,15,0.093879,27,43
A,10,16,0.167048,27,43
A,10,17,0.130819,27,43
A,10,18,0.524668,27,43
A,10,19,0.828917,27,43
A,10,20,0.834112,27,43
A,10,21,0.896870,27,43
A,10,22,0.912616,27,43
A,10,23,0.027792,27,43
A,10,24,0.163435,27,43
A,10,25,0.826081,27,43
A,11,1,0.674682,27,43
A,11,2,0.195867,27,43
A,11,3,0.272262,27,43
A,11,4,0.909294,27,43
A,11,5,0.704029,27,43
A,11,6,0.712725,27,43
A,11,7,0.214954,27,43
A,11,8,0.043056,27,43
A,11,9,0.372683,27,43
A,11,10,0.536907,27,43
A,11,11,0.985583,27,43
A,11,12,0.047940,27,43
A,11,13,0.926378,27,43
A,11,14,0.420327,27,43
A,11,15,0.411217,27,43
A,11,16,0.535066,27,43
A,11,17,0.595765,27,43
A,11,18,0.253451,27,43
A,11,19,0.479626,27,43
A,11,20,0.700843,27,43
A,11,21,0.556504,27,43
A,11,22,0.096927,27,43
A,11,23,0.612130,27,43
A,11,24,0.332139,27,43
A,11,25,0.184875,27,43
A,12,1,0.489056,27,43
A,12,2,0.642968,27,43
A,12,3,0.493192,27,43
A,12,4,0.559230,27,43
A,12,5,0.396302,27,43
A,12,6,0.478864,27,43
A,12,7,0.792267,27,43
A,12,8,0.421024,27,43
A,12,9,0.666481,27,43
A,12,10,0.859914,27,43
A,12,11,0.377945,27,43
A,12,12,0.625367,27,43
A,12,13,0.716221,27,43
A,12,14,0.564893,27,43
A,12,15,0.156168,27,43
A,12,16,0.980099,27,43
A,12,17,0.914181,27,43
A,12,18,0.792032,27,43
A,12,19,0.635176,27,43
A,12,20,0.476569,27,43
A,12,21,0.686972,27,43
A,12,22,0.006815,27,43
A,12,23,0.715880,27,43
A,12,24,0.655698,27,43
A,12,25,0.208463,27,43
A,13,1,0.759641,27,43
A,13,2,0.358512,27,43
A,13,3,0.146888,27,43
A,13,4,0.221191,27,43
A,13,5,0.163754,27,43
A,13,6,0.754504,27,43
A,13,7,0.314198,27,43
A,13,8,0.629236,27,43
A,13,9,0.187964,27,43
A,13,10,0.346043,27,43
A,13,11,0.414796,27,43
A,13,12,0.782417,27,43
A,13,13,0.630743,27,43
A,13,14,0.232751,27,43
A,13,15,0.824505,27,43
A,13,16,0.976536,27,43
A,13,17,0.514083,27,43
A,13,18,0.700639,27,43
A,13,19,0.025110,27,43
A,13,20,0.517517,27,43
A,13,21,0.734115,27,43
A,13,22,0.350562,27,43
A,13,23,0.515688,27,43
A,13,24,0.216611,27,43
A,13,25,0.163799,27,43
A,14,1,0.286583,27,43
A,14,2,0.953651,27,43
A,14,3,0.454219,27,43
A,14,4,0.739133,27,43
A,14,5,0.597843,27,43
A,14,6,0.698161,27,43
A,14,7,0.843680,27,43
A,14,8,0.901869,27,43
A,14,9,0.435871,27,43
A,14,10,0.037385,27,43
A,14,11,0.193338,27,43
A,14,12,0.484843,27,43
A,14,13,0.297550,27,43
A,14,14,0.992431,27,43
A,14,15,0.879528,27,43
A,14,16,0.969218,27,43
A,14,17,0.048415,27,43
A,14,18,0.858429,27,43
A,14,19,0.554474,27,43
A,14,20,0.836514,27,43
A,14,21,0.755770,27,43
A,14,22,0.071621,27,43
A,14,23,0.203288,27,43
A,14,24,0.881944,27,43
A,14,25,0.858161,27,43
A,15,1,0.689351,27,43
A,15,2,0.936156,27,43
A,15,3,0.470665,27,43
A,15,4,0.309031,27,43
A,15,5,0.286792,27,43
A,15,6,0.460586,27,43
A,15,7,0.667115,27,43
A,15,8,0.803677,27,43
A,15,9,0.797145,27,43
A,15,10,0.751243,27,43
A,15,11,0.913827,27,43
A,15,12,0.104881,27,43
A,15,13,0.655863,27,43
A,15,14,0.796300,27,43
A,15,15,0.218725,27,43
A,15,16,0.179543,27,43
A,15,17,0.420435,27,43
A,15,18,0.032242,27,43
A,15,19,0.283054,27,43
A,15,20,0.571339,27,43
A,15,21,0.324242,27,43
A,15,22,0.093540,27,43
A,15,23,0.993951,27,43
A,15,24,0.882443,27,43
A,15,25,0.826013,27,43
A,16,1,0.813370,27,43
A,16,2,0.248300,27,43
A,16,3,0.922431,27,43
A,16,4,0.546479,27,43
A,16,5,0.719878,27,43
A,16,6,0.867771,27,43
A,16,7,0.806831,27,43
A,16,8,0.945502,27,43
A,16,9,0.195602,27,43
A,16,10,0.651490,27,43
A,16,11,0.563333,27,43
A,16,12,0.326203,27,43
A,16,13,0.307542,27,43
A,16,14,0.651889,27,43
A,16,15,0.295799,27,43
A,16,16,0.046623,27,43
A,16,17,0.371807,27,43
A,16,18,0.744941,27,43
A,16,19,0.350800,27,43
A,16,20,0.499359,27,43
A,16,21,0.308421,27,43
A,16,22,0.123756,27,43
A,16,23,0.200062,27,43
A,16,24,0.742527,27,43
A,16,25,0.522717,27,43
A,17,1,0.355636,27,43
A,17,2,0.705580,27,43
A,17,3,0.108411,27,43
A,17,4,0.484958,27,43
A,17,5,0.343876,27,43
A,17,6,0.604392,27,43
A,17,7,0.041123,27,43
A,17,8,0.048138,27,43
A,17,9,0.928034,27,43
A,17,10,0.174803,27,43
A,17,11,0.017500,27,43
A,17,12,0.706663,27,43
A,17,13,0.278650,27,43
A,17,14,0.211561,27,43
A,17,15,0.035128,27,43
A,17,16,0.056309,27,43
A,17,17,0.486400,27,43
A,17,18,0.925040,27,43
A,17,19,0.686749,27,43
A,17,20,0.044132,27,43
A,17,21,0.184791,27,43
A,17,22,0.956046,27,43
A,17,23,0.035315,27,43
A,17,24,0.005952,27,43
A,17,25,0.527619,27,43
A,18,1,0.369799,27,43
A,18,2,0.228957,27,43
A,18,3,0.586437,27,43
A,18,4,0.711566,27,43
A,18,5,0.522041,27,43
A,18,6,0.230346,27,43
A,18,7,0.919456,27,43
A,18,8,0.647845,27,43
A,18,9,0.806864,27,43
A,18,10,0.808988,27,43
A,18,11,0.944504,27,43
A,18,12,0.115811,27,43
A,18,13,0.192757,27,43
A,18,14,0.165687,27,43
A,18,15,0.456497,27,43
A,18,16,0.911460,27,43
A,18,17,0.082247,27,43
A,18,18,0.291148,27,43
A,18,19,0.490576,27,43
A,18,20,0.418566,27,43
A,18,21,0.619420,27,43
A,18,22,0.853193,27,43
A,18,23,0.596803,27,43
A,18,24,0.585778,27,43
A,18,25,0.339901,27,43
A,19,1,0.384844,27,43
A,19,2,0.178115,27,43
A,19,3,0.618254,27,43
A,19,4,0.175321,27,43
A,19,5,0.519361,27,43
A,19,6,0.310601,27,43
A,19,7,0.851719,27,43
A,19,8,0.214816,27,43
A,19,9,0.219499,27,43
A,19,10,0.544395,27,43
A,19,11,0.282945,27,43
A,19,12,0.028518,27,43
A,19,13,0.638627,27,43
A,19,14,0.913323,27,43
A,19,15,0.005657,27,43
A,19,16,0.947877,27,43
A,19,17,0.204951,27,43
A,19,18,0.555934,27,43
A,19,19,0.382417,27,43
A,19,20,0.661321,27,43
A,19,21,0.682658,27,43
A,19,22,0.757717,27,43
A,19,23,0.253713,27,43
A,19,24,0.406400,27,43
A,19,25,0.375164,27,43
A,20,1,0.900219,27,43
A,20,2,0.320533,27,43
A,20,3,0.975324,27,43
A,20,4,0.513497,27,43
A,20,5,0.460534,27,43
A,20,6,0.509112,27,43
A,20,7,0.089089,27,43
A,20,8,0.331622,27,43
A,20,9,0.348204,27,43
A,20,10,0.554190,27,43
A,20,11,0.563624,27,43
A,20,12,0.982360,27,43
A,20,13,0.139590,27,43
A,20,14,0.914503,27,43
A,20,15,0.296053,27,43
A,20,16,0.333234,27,43
A,20,17,0.229075,27,43
A,20,18,0.978849,27,43
A,20,19,0.390983,27,43
A,20,20,0.549796,27,43
A,20,21,0.209399,27,43
A,20,22,0.555959,27,43
A,20,23,0.502772,27,43
A,20,24,0.269872,27,43
A,20,25,0.872372,27,43
A,21,1,0.587403,27,43
A,21,2,0.914958,27,43
A,21,3,0.219518,27,43
A,21,4,0.042728,27,43
A,21,5,0.368566,27,43
A,21,6,0.923463,27,43
A,21,7,0.170322,27,43
A,21,8,0.228246,27,43
A,21,9,0.705051,27,43
A,21,10,0.970718,27,43
A,21,11,0.312225,27,43
A,21,12,0.353404,27,43
A,21,13,0.002119,27,43
A,21,14,0.250298,27,43
A,21,15,0.221833,27,43
A,21,16,0.807702,27,43
A,21,17,0.404767,27,43
A,21,18,0.115356,27,43
A,21,19,0.361475,27,43
A,21,20,0.859654,27,43
A,21,21,0.983011,27,43
A,21,22,0.424480,27,43
A,21,23,0.908248,27,43
A,21,24,0.416924,27,43
A,21,25,0.211356,27,43
A,22,1,0.855386,27,43
A,22,2,0.533100,27,43
A,22,3,0.454441,27,43
A,22,4,0.236369,27,43
A,22,5,0.555217,27,43
A,22,6,0.444015,27,43
A,22,7,0.919304,27,43
A,22,8,0.841628,27,43
A,22,9,0.057733,27,43
A,22,10,0.968685,27,43
A,22,11,0.534258,27,43
A,22,12,0.134157,27,43
A,22,13,0.935961,27,43
A,22,14,0.674368,27,43
A,22,15,0.408845,27,43
A,22,16,0.550989,27,43
A,22,17,0.186576,27,43
A,22,18,0.305591,27,43
A,22,19,0.954956,27,43
A,22,20,0.425211,27,43
A,22,21,0.045275,27,43
A,22,22,0.688672,27,43
A,22,23,0.104934,27,43
A,22,24,0.098203,27,43
A,22,25,0.270807,27,43
A,23,1,0.863445,27,43
A,23,2,0.387422,27,43
A,23,3,0.518815,27,43
A,23,4,0.625401,27,43
A,23,5,0.382406,27,43
A,23,6,0.281294,27,43
A,23,7,0.118522,27,43
A,23,8,0.850527,27,43
A,23,9,0.953522,27,43
A,23,10,0.172089,27,43
A,23,11,0.632654,27,43
A,23,12,0.694315,27,43
A,23,13,0.506426,27,43
A,23,14,0.793111,27,43
A,23,15,0.675143,27,43
A,23,16,0.575836,27,43
A,23,17,0.966741,27,43
A,23,18,0.122152,27,43
A,23,19,0.355486,27,43
A,23,20,0.802531,27,43
A,23,21,0.681743,27,43
A,23,22,0.078073,27,43
A,23,23,0.944580,27,43
A,23,24,0.738878,27,43
A,23,25,0.944370,27,43
A,24,1,0.049298,27,43
A,24,2,0.702232,27,43
A,24,3,0.695805,27,43
A,24,4,0.933414,27,43
A,24,5,0.306611,27,43
A,24,6,0.388296,27,43
A,24,7,0.182411,27,43
A,24,8,0.875025,27,43
A,24,9,0.613404,27,43
A,24,10,0.306311,27,43
A,24,11,0.579958,27,43
A,24,12,0.839571,27,43
A,24,13,0.168515,27,43
A,24,14,0.723327,27,43
A,24,15,0.894570,27,43
A,24,16,0.085207,27,43
A,24,17,0.031913,27,43
A,24,18,0.907008,27,43
A,24,19,0.259741,27,43
A,24,20,0.705105,27,43
A,24,21,0.586809,27,43
A,24,22,0.150928,27,43
A,24,23,0.248343,27,43
A,24,24,0.522445,27,43
A,24,25,0.634198,27,43
A,25,1,0.561942,27,43
A,25,2,0.947833,27,43
A,25,3,0.339971,27,43
A,25,4,0.326474,27,43
A,25,5,0.642059,27,43
A,25,6,0.866349,27,43
A,25,7,0.996774,27,43
A,25,8,0.751135,27,43
A,25,9,0.228579,27,43
A,25,10,0.726727,27,43
A,25,11,0.054928,27,43
A,25,12,0.641630,27,43
A,25,13,0.935538,27,43
A,25,14,0.225935,27,43
A,25,15,0.355805,27,43
A,25,16,0.246015,27,43
A,25,17,0.279458,27,43
A,25,18,0.999313,27,43
A,25,19,0.611302,27,43
A,25,20,0.254154,27,43
A,25,21,0.591408,27,43
A,25,22,0.650762,27,43
A,25,23,0.659572,27,43
A,25,24,0.340543,27,43
A,25,25,0.361274,27,43
A,26,1,0.448591,27,43
A,26,2,0.573290,27,43
A,26,3,0.787473,27,43
A,26,4,0.193402,27,43
A,26,5,0.349615,27,43
A,26,6,0.273772,27,43
A,26,7,0.628560,27,43
A,26,8,0.635514,27,43
A,26,9,0.396419,27,43
A,26,10,0.686196,27,43
A,26,11,0.635230,27,43
A,26,12,0.472718,27,43
A,26,13,0.364971,27,43
A,26,14,0.543482,27,43
A,26,15,0.564996,27,43
A,26,16,0.060966,27,43
A,26,17,0.980869,27,43
A,26,18,0.252532,27,43
A,26,19,0.854878,27,43
A,26,20,0.357723,27,43
A,26,21,0.738977,27,43
A,26,22,0.388333,27,43
A,26,23,0.875554,27,43
A,26,24,0.220026,27,43
A,26,25,0.887398,27,43
A,27,1,0.872516,27,43
A,27,2,0.267015,27,43
A,27,3,0.948184,27,43
A,27,4,0.536854,27,43
A,27,5,0.288493,27,43
A,27,6,0.878767,27,43
A,27,7,0.665454,27,43
A,27,8,0.502165,27,43
A,27,9,0.231522,27,43
A,27,10,0.569661,27,43
A,27,11,0.281792,27,43
A,27,12,0.870003,27,43
A,27,13,0.389720,27,43
A,27,14,0.721798,27,43
A,27,15,0.039031,27,43
A,27,16,0.990155,27,43
A,27,17,0.215453,27,43
A,27,18,0.319590,27,43
A,27,19,0.587291,27,43
A,27,20,0.170636,27,43
A,27,21,0.895894,27,43
A,27,22,0.630400,27,43
A,27,23,0.535228,27,43
A,27,24,0.361464,27,43
A,27,25,0.660556,27,43
B,1,1,0.994797,27,43
B,1,2,0.114497,27,43
B,1,3,0.374187,27,43
B,1,4,0.764231,27,43
B,1,5,0.913656,27,43
B,1,6,0.371936,27,43
B,1,7,0.398465,27,43
B,1,8,0.565984,27,43
B,1,9,0.275542,27,43
B,1,10,0.056737,27,43
B,1,11,0.244747,27,43
B,1,12,0.101830,27,43
B,1,13,0.328182,27,43
B,1,14,0.272194,27,43
B,1,15,0.078650,27,43
B,1,16,0.709135,27,43
B,1,17,0.152128,27,43
B,1,18,0.190301,27,43
B,1,19,0.271062,27,43
B,1,20,0.791136,27,43
B,1,21,0.424040,27,43
B,1,22,0.675339,27,43
B,1,23,0.971408,27,43
B,1,24,0.241187,27,43
B,1,25,0.869466,27,43
B,1,26,0.804901,27,43
B,1,27,0.833148,27,43
B,1,28,0.719773,27,43
B,1,29,0.765025,27,43
B,1,30,0.726702,27,43
B,1,31,0.806362,27,43
B,1,32,0.934652,27,43
B,1,33,0.985224,27,43
B,1,34,0.426085,27,43
B,1,35,0.344566,27,43
B,1,36,0.023216,27,43
B,1,37,0.808165,27,43
B,1,38,0.928544,27,43
B,1,39,0.143927,27,43
B,1,40,0.448364,27,43
B,1,41,0.280222,27,43
B,1,42,0.207656,27,43
B,1,43,0.693671,27,43
B,2,1,0.267410,27,43
B,2,2,0.299929,27,43
B,2,3,0.284200,27,43
B,2,4,0.691162,27,43
B,2,5,0.998337,27,43
B,2,6,0.089775,27,43
B,2,7,0.796993,27,43
B,2,8,0.671079,27,43
B,2,9,0.577653,27,43
B,2,10,0.360001,27,43
B,2,11,0.856739,27,43
B,2,12,0.499005,27,43
B,2,13,0.026101,27,43
B,2,14,0.418866,27,43
B,2,15,0.324544,27,43
B,2,16,0.416274,27,43
B,2,17,0.805234,27,43
B,2,18,0.380185,27,43
B,2,19,0.467595,27,43
B,2,20,0.585360,27,43
B,2,21,0.781851,27,43
B,2,22,0.886554,27,43
B,2,23,0.237545,27,43
B,2,24,0.901300,27,43
B,2,25,0.726370,27,43
B,2,26,0.480681,27,43
B,2,27,0.732365,27,43
B,2,28,0.563312,27,43
B,2,29,0.353435,27,43
B,2,30,0.575553,27,43
B,2,31,0.881133,27,43
B,2,32,0.783340,27,43
B,2,33,0.935818,27,43
B,2,34,0.630941,27,43
B,2,35,0.784977,27,43
B,2,36,0.135741,27,43
B,2,37,0.116816,27,43
B,2,38,0.935741,27,43
B,2,39,0.013571,27,43
B,2,40,0.334127,27,43
B,2,41,0.275037,27,43
B,2,42,0.708869,27,43
B,2,43,0.362161,27,43
B,3,1,0.762530,27,43
B,3,2,0.126344,27,43
B,3,3,0.751174,27,43
B,3,4,0.648684,27,43
B,3,5,0.964168,27,43
B,3,6,0.974427,27,43
B,3,7,0.587620,27,43
B,3,8,0.829322,27,43
B,3,9,0.352138,27,43
B,3,10,0.516924,27,43
B,3,11,0.514710,27,43
B,3,12,0.406427,27,43
B,3,13,0.327172,27,43
B,3,14,0.604719,27,43
B,3,15,0.364572,27,43
B,3,16,0.888304,27,43
B,3,17,0.105925,27,43
B,3,18,0.814106,27,43
B,3,19,0.909265,27,43
B,3,20,0.112828,27,43
B,3,21,0.748833,27,43
B,3,22,0.313983,27,43
B,3,23,0.051824,27,43
B,3,24,0.702232,27,43
B,3,25,0.014746,27,43
B,3,26,0.405891,27,43
B,3,27,0.964030,27,43
B,3,28,0.227555,27,43
B,3,29,0.171925,27,43
B,3,30,0.686250,27,43
B,3,31,0.435344,27,43
B,3,32,0.025882,27,43
B,3,33,0.272917,27,43
B,3,34,0.834939,27,43
B,3,35,0.241670,27,43
B,3,36,0.260817,27,43
B,3,37,0.315048,27,43
B,3,38,0.963776,27,43
B,3,39,0.334612,27,43
B,3,40,0.398288,27,43
B,3,41,0.390593,27,43
B,3,42,0.080388,27,43
B,3,43,0.761448,27,43
B,4,1,0.044269,27,43
B,4,2,0.944456,27,43
B,4,3,0.641805,27,43
B,4,4,0.321225,27,43
B,4,5,0.537290,27,43
B,4,6,0.445605,27,43
B,4,7,0.738183,27,43
B,4,8,0.164716,27,43
B,4,9,0.879618,27,43
B,4,10,0.422753,27,43
B,4,11,0.659848,27,43
B,4,12,0.368163,27,43
B,4,13,0.380785,27,43
B,4,14,0.242385,27,43
B,4,15,0.861371,27,43
B,4,16,0.691518,27,43
B,4,17,0.762990,27,43
B,4,18,0.777020,27,43
B,4,19,0.494071,27,43
B,4,20,0.909319,27,43
B,4,21,0.602274,27,43
B,4,22,0.449947,27,43
B,4,23,0.845877,27,43
B,4,24,0.257912,27,43
B,4,25,0.820189,27,43
B,4,26,0.606885,27,43
B,4,27,0.076849,27,43
B,4,28,0.527851,27,43
B,4,29,0.595453,27,43
B,4,30,0.931963,27,43
B,4,31,0.917407,27,43
B,4,32,0.010808,27,43
B,4,33,0.971064,27,43
B,4,34,0.685241,27,43
B,4,35,0.832931,27,43
B,4,36,0.849049,27,43
B,4,37,0.519298,27,43
B,4,38,0.432263,27,43
B,4,39,0.520639,27,43
B,4,40,0.427017,27,43
B,4,41,0.033525,27,43
B,4,42,0.076264,27,43
B,4,43,0.790431,27,43
B,5,1,0.205255,27,43
B,5,2,0.783637,27,43
B,5,3,0.097678,27,43
B,5,4,0.273463,27,43
B,5,5,0.443929,27,43
B,5,6,0.258753,27,43
B,5,7,0.861361,27,43
B,5,8,0.577937,27,43
B,5,9,0.231288,27,43
B,5,10,0.077996,27,43
B,5,11,0.135754,27,43
B,5,12,0.690096,27,43
B,5,13,0.662734,27,43
B,5,14,0.854614,27,43
B,5,15,0.653053,27,43
B,5,16,0.508604,27,43
B,5,17,0.535943,27,43
B,5,18,0.158973,27,43
B,5,19,0.272399,27,43
B,5,20,0.559019,27,43
B,5,21,0.627644,27,43
B,5,22,0.683676,27,43
B,5,23,0.922544,27,43
B,5,24,0.594518,27,43
B,5,25,0.070177,27,43
B,5,26,0.348665,27,43
B,5,27,0.806779,27,43
B,5,28,0.170070,27,43
B,5,29,0.632565,27,43
B,5,30,0.588746,27,43
B,5,31,0.751320,27,43
B,5,32,0.912064,27,43
B,5,33,0.880492,27,43
B,5,34,0.418034,27,43
B,5,35,0.672670,27,43
B,5,36,0.438414,27,43
B,5,37,0.373110,27,43
B,5,38,0.962950,27,43
B,5,39,0.403890,27,43
B,5,40,0.562598,27,43
B,5,41,0.678131,27,43
B,5,42,0.009287,27,43
B,5,43,0.693910,27,43
B,6,1,0.876778,27,43
B,6,2,0.531413,27,43
B,6,3,0.949616,27,43
B,6,4,0.481860,27,43
B,6,5,0.577037,27,43
B,6,6,0.075186,27,43
B,6,7,0.371801,27,43
B,6,8,0.075777,27,43
B,6,9,0.512014,27,43
B,6,10,0.547749,27,43
B,6,11,0.394253,27,43
B,6,12,0.136267,27,43
B,6,13,0.775033,27,43
B,6,14,0.110170,27,43
B,6,15,0.744326,27,43
B,6,16,0.422863,27,43
B,6,17,0.261407,27,43
B,6,18,0.741620,27,43
B,6,19,0.940776,27,43
B,6,20,0.698129,27,43
B,6,21,0.655053,27,43
B,6,22,0.256826,27,43
B,6,23,0.278965,27,43
B,6,24,0.427755,27,43
B,6,25,0.178227,27,43
B,6,26,0.310355,27,43
B,6,27,0.529654,27,43
B,6,28,0.564422,27,43
B,6,29,0.130415,27,43
B,6,30,0.609098,27,43
B,6,31,0.460829,27,43
B,6,32,0.177981,27,43
B,6,33,0.545386,27,43
B,6,34,0.542230,27,43
B,6,35,0.388616,27,43
B,6,36,0.778612,27,43
B,6,37,0.463699,27,43
B,6,38,0.207090,27,43
B,6,39,0.439126,27,43
B,6,40,0.996109,27,43
B,6,41,0.984339,27,43
B,6,42,0.107706,27,43
B,6,43,0.747571,27,43
B,7,1,0.630018,27,43
B,7,2,0.648191,27,43
B,7,3,0.647245,27,43
B,7,4,0.844463,27,43
B,7,5,0.377725,27,43
B,7,6,0.688505,27,43
B,7,7,0.578804,27,43
B,7,8,0.916352,27,43
B,7,9,0.312464,27,43
B,7,10,0.986420,27,43
B,7,11,0.410397,27,43
B,7,12,0.692828,27,43
B,7,13,0.837382,27,43
B,7,14,0.518172,27,43
B,7,15,0.539830,27,43
B,7,16,0.679995,27,43
B,7,17,0.544645,27,43
B,7,18,0.315601,27,43
B,7,19,0.999360,27,43
B,7,20,0.621155,27,43
B,7,21,0.819629,27,43
B,7,22,0.585738,27,43
B,7,23,0.013036,27,43
B,7,24,0.704566,27,43
B,7,25,0.488613,27,43
B,7,26,0.567807,27,43
B,7,27,0.669275,27,43
B,7,28,0.425098,27,43
B,7,29,0.847915,27,43
B,7,30,0.379634,27,43
B,7,31,0.405513,27,43
B,7,32,0.073488,27,43
B,7,33,0.822732,27,43
B,7,34,0.672870,27,43
B,7,35,0.867319,27,43
B,7,36,0.774816,27,43
B,7,37,0.768595,27,43
B,7,38,0.242474,27,43
B,7,39,0.069782,27,43
B,7,40,0.911701,27,43
B,7,41,0.415671,27,43
B,7,42,0.279444,27,43
B,7,43,0.776595,27,43
B,8,1,0.911268,27,43
B,8,2,0.299583,27,43
B,8,3,0.820670,27,43
B,8,4,0.649194,27,43
B,8,5,0.568721,27,43
B,8,6,0.570601,27,43
B,8,7,0.605673,27,43
B,8,8,0.595512,27,43
B,8,9,0.112128,27,43
B,8,10,0.032390,27,43
B,8,11,0.074994,27,43
B,8,12,0.032384,27,43
B,8,13,0.576868,27,43
B,8,14,0.711492,27,43
B,8,15,0.470052,27,43
B,8,16,0.050492,27,43
B,8,17,0.358423,27,43
B,8,18,0.587918,27,43
B,8,19,0.047721,27,43
B,8,20,0.572136,27,43
B,8,21,0.879101,27,43
B,8,22,0.906411,27,43
B,8,23,0.834965,27,43
B,8,24,0.163829,27,43
B,8,25,0.386080,27,43
B,8,26,0.555410,27,43
B,8,27,0.484385,27,43
B,8,28,0.397621,27,43
B,8,29,0.039325,27,43
B,8,30,0.159749,27,43
B,8,31,0.316072,27,43
B,8,32,0.397634,27,43
B,8,33,0.040963,27,43
B,8,34,0.792726,27,43
B,8,35,0.886168,27,43
B,8,36,0.030058,27,43
B,8,37,0.551084,27,43
B,8,38,0.540898,27,43
B,8,39,0.467430,27,43
B,8,40,0.502601,27,43
B,8,41,0.914592,27,43
B,8,42,0.407709,27,43
B,8,43,0.719070,27,43
B,9,1,0.819402,27,43
B,9,2,0.199873,27,43
B,9,3,0.691418,27,43
B,9,4,0.934372,27,43
B,9,5,0.234754,27,43
B,9,6,0.512183,27,43
B,9,7,0.543064,27,43
B,9,8,0.842592,27,43
B,9,9,0.112839,27,43
B,9,10,0.437754,27,43
B,9,11,0.337274,27,43
B,9,12,0.487233,27,43
B,9,13,0.264073,27,43
B,9,14,0.721786,27,43
B,9,15,0.704268,27,43
B,9,16,0.410591,27,43
B,9,17,0.406293,27,43
B,9,18,0.915386,27,43
B,9,19,0.318943,27,43
B,9,20,0.221311,27,43
B,9,21,0.485575,27,43
B,9,22,0.676834,27,43
B,9,23,0.941612,27,43
B,9,24,0.773145,27,43
B,9,25,0.632910,27,43
B,9,26,0.307411,27,43
B,9,27,0.118327,27,43
B,9,28,0.852007,27,43
B,9,29,0.726636,27,43
B,9,30,0.552209,27,43
B,9,31,0.159905,27,43
B,9,32,0.442272,27,43
B,9,33,0.958206,27,43
B,9,34,0.579152,27,43
B,9,35,0.971531,27,43
B,9,36,0.827903,27,43
B,9,37,0.714976,27,43
B,9,38,0.877586,27,43
B,9,39,0.950798,27,43
B,9,40,0.212651,27,43
B,9,41,0.775164,27,43
B,9,42,0.212702,27,43
B,9,43,0.518336,27,43
B,10,1,0.589823,27,43
B,10,2,0.016996,27,43
B,10,3,0.586898,27,43
B,10,4,0.956474,27,43
B,10,5,0.534799,27,43
B,10,6,0.292938,27,43
B,10,7,0.602091,27,43
B,10,8,0.792403,27,43
B,10,9,0.176192,27,43
B,10,10,0.867093,27,43
B,10,11,0.482336,27,43
B,10,12,0.584347,27,43
B,10,13,0.609411,27,43
B,10,14,0.662503,27,43
B,10,15,0.417427,27,43
B,10,16,0.703628,27,43
B,10,17,0.985214,27,43
B,10,18,0.507773,27,43
B,10,19,0.729358,27,43
B,10,20,0.380556,27,43
B,10,21,0.737073,27,43
B,10,22,0.119774,27,43
B,10,23,0.725885,27,43
B,10,24,0.585368,27,43
B,10,25,0.245543,27,43
B,10,26,0.857145,27,43
B,10,27,0.201166,27,43
B,10,28,0.004043,27,43
B,10,29,0.219078,27,43
B,10,30,0.686268,27,43
B,10,31,0.804967,27,43
B,10,32,0.766999,27,43
B,10,33,0.559046,27,43
B,10,34,0.958450,27,43
B,10,35,0.035604,27,43
B,10,36,0.335294,27,43
B,10,37,0.726373,27,43
B,10,38,0.062115,27,43
B,10,39,0.775129,27,43
B,10,40,0.988303,27,43
B,10,41,0.897728,27,43
B,10,42,0.789254,27,43
B,10,43,0.159412,27,43
B,11,1,0.653342,27,43
B,11,2,0.238684,27,43
B,11,3,0.112821,27,43
B,11,4,0.745441,27,43
B,11,5,0.106769,27,43
B,11,6,0.000131,27,43
B,11,7,0.735595,27,43
B,11,8,0.070858,27,43
B,11,9,0.683496,27,43
B,11,10,0.438300,27,43
B,11,11,0.372783,27,43
B,11,12,0.720293,27,43
B,11,13,0.063372,27,43
B,11,14,0.119970,27,43
B,11,15,0.296400,27,43
B,11,16,0.384470,27,43
B,11,17,0.403767,27,43
B,11,18,0.147405,27,43
B,11,19,0.518984,27,43
B,11,20,0.844334,27,43
B,11,21,0.975568,27,43
B,11,22,0.728936,27,43
B,11,23,0.773574,27,43
B,11,24,0.913122,27,43
B,11,25,0.036158,27,43
B,11,26,0.478238,27,43
B,11,27,0.367517,27,43
B,11,28,0.386271,27,43
B,11,29,0.566540,27,43
B,11,30,0.598620,27,43
B,11,31,0.645975,27,43
B,11,32,0.671106,27,43
B,11,33,0.963380,27,43
B,11,34,0.917541,27,43
B,11,35,0.125262,27,43
B,11,36,0.864465,27,43
B,11,37,0.323603,27,43
B,11,38,0.434909,27,43
B,11,39,0.788930,27,43
B,11,40,0.998369,27,43
B,11,41,0.252329,27,43
B,11,42,0.580626,27,43
B,11,43,0.626210,27,43
B,12,1,0.660033,27,43
B,12,2,0.777472,27,43
B,12,3,0.410632,27,43
B,12,4,0.353302,27,43
B,12,5,0.466134,27,43
B,12,6,0.272472,27,43
B,12,7,0.310712,27,43
B,12,8,0.729470,27,43
B,12,9,0.311199,27,43
B,12,10,0.474278,27,43
B,12,11,0.907222,27,43
B,12,12,0.090376,27,43
B,12,13,0.875267,27,43
B,12,14,0.228038,27,43
B,12,15,0.985635,27,43
B,12,16,0.084239,27,43
B,12,17,0.271165,27,43
B,12,18,0.098502,27,43
B,12,19,0.611461,27,43
B,12,20,0.621814,27,43
B,12,21,0.819957,27,43
B,12,22,0.240058,27,43
B,12,23,0.567829,27,43
B,12,24,0.466105,27,43
B,12,25,0.399280,27,43
B,12,26,0.439043,27,43
B,12,27,0.652612,27,43
B,12,28,0.842391,27,43
B,12,29,0.450827,27,43
B,12,30,0.930402,27,43
B,12,31,0.512379,27,43
B,12,32,0.509701,27,43
B,12,33,0.777243,27,43
B,12,34,0.453305,27,43
B,12,35,0.707259,27,43
B,12,36,0.883489,27,43
B,12,37,0.612462,27,43
B,12,38,0.193350,27,43
B,12,39,0.318598,27,43
B,12,40,0.843748,27,43
B,12,41,0.320448,27,43
B,12,42,0.475756,27,43
B,12,43,0.092002,27,43
B,13,1,0.465586,27,43
B,13,2,0.767898,27,43
B,13,3,0.371367,27,43
B,13,4,0.862037,27,43
B,13,5,0.893255,27,43
B,13,6,0.414696,27,43
B,13,7,0.205849,27,43
B,13,8,0.165048,27,43
B,13,9,0.701262,27,43
B,13,10,0.882551,27,43
B,13,11,0.647897,27,43
B,13,12,0.131857,27,43
B,13,13,0.726823,27,43
B,13,14,0.351099,27,43
B,13,15,0.267124,27,43
B,13,16,0.039627,27,43
B,13,17,0.911205,27,43
B,13,18,0.433731,27,43
B,13,19,0.264921,27,43
B,13,20,0.987028,27,43
B,13,21,0.016542,27,43
B,13,22,0.075922,27,43
B,13,23,0.728622,27,43
B,13,24,0.415696,27,43
B,13,25,0.388508,27,43
B,13,26,0.065143,27,43
B,13,27,0.810609,27,43
B,13,28,0.836226,27,43
B,13,29,0.564181,27,43
B,13,30,0.362040,27,43
B,13,31,0.278012,27,43
B,13,32,0.103875,27,43
B,13,33,0.989128,27,43
B,13,34,0.108192,27,43
B,13,35,0.304092,27,43
B,13,36,0.283967,27,43
B,13,37,0.026098,27,43
B,13,38,0.890100,27,43
B,13,39,0.982714,27,43
B,13,40,0.451303,27,43
B,13,41,0.220812,27,43
B,13,42,0.217437,27,43
B,13,43,0.162387,27,43
B,14,1,0.585695,27,43
B,14,2,0.146315,27,43
B,14,3,0.948665,27,43
B,14,4,0.698115,27,43
B,14,5,0.153326,27,43
B,14,6,0.494581,27,43
B,14,7,0.573559,27,43
B,14,8,0.658959,27,43
B,14,9,0.602310,27,43
B,14,10,0.318183,27,43
B,14,11,0.904262,27,43
B,14,12,0.091673,27,43
B,14,13,0.328279,27,43
B,14,14,0.792284,27,43
B,14,15,0.698673,27,43
B,14,16,0.426662,27,43
B,14,17,0.122065,27,43
B,14,18,0.446402,27,43
B,14,19,0.678374,27,43
B,14,20,0.738452,27,43
B,14,21,0.563702,27,43
B,14,22,0.152060,27,43
B,14,23,0.370540,27,43
B,14,24,0.294498,27,43
B,14,25,0.275091,27,43
B,14,26,0.211026,27,43
B,14,27,0.397593,27,43
B,14,28,0.670207,27,43
B,14,29,0.503816,27,43
B,14,30,0.810863,27,43
B,14,31,0.548856,27,43
B,14,32,0.781273,27,43
B,14,33,0.613423,27,43
B,14,34,0.507707,27,43
B,14,35,0.660283,27,43
B,14,36,0.158444,27,43
B,14,37,0.772800,27,43
B,14,38,0.695258,27,43
B,14,39,0.467526,27,43
B,14,40,0.269099,27,43
B,14,41,0.882080,27,43
B,14,42,0.982957,27,43
B,14,43,0.403580,27,43
B,15,1,0.258739,27,43
B,15,2,0.338814,27,43
B,15,3,0.101643,27,43
B,15,4,0.941978,27,43
B,15,5,0.594627,27,43
B,15,6,0.724872,27,43
B,15,7,0.211565,27,43
B,15,8,0.756472,27,43
B,15,9,0.029052,27,43
B,15,10,0.318493,27,43
B,15,11,0.975655,27,43
B,15,12,0.706749,27,43
B,15,13,0.969594,27,43
B,15,14,0.087160,27,43
B,15,15,0.044941,27,43
B,15,16,0.470483,27,43
B,15,17,0.195003,27,43
B,15,18,0.005267,27,43
B,15,19,0.777181,27,43
B,15,20,0.543286,27,43
B,15,21,0.055762,27,43
B,15,22,0.303870,27,43
B,15,23,0.703632,27,43
B,15,24,0.106143,27,43
B,15,25,0.429800,27,43
B,15,26,0.048854,27,43
B,15,27,0.748438,27,43
B,15,28,0.568254,27,43
B,15,29,0.028372,27,43
B,15,30,0.580068,27,43
B,15,31,0.760871,27,43
B,15,32,0.753812,27,43
B,15,33,0.588074,27,43
B,15,34,0.250873,27,43
B,15,35,0.021074,27,43
B,15,36,0.889896,27,43
B,15,37,0.059620,27,43
B,15,38,0.214407,27,43
B,15,39,0.581662,27,43
B,15,40,0.268794,27,43
B,15,41,0.801075,27,43
B,15,42,0.041315,27,43
B,15,43,0.178923,27,43
B,16,1,0.823353,27,43
B,16,2,0.535735,27,43
B,16,3,0.305712,27,43
B,16,4,0.725986,27,43
B,16,5,0.155060,27,43
B,16,6,0.717275,27,43
B,16,7,0.424917,27,43
B,16,8,0.296967,27,43
B,16,9,0.324694,27,43
B,16,10,0.401573,27,43
B,16,11,0.647036,27,43
B,16,12,0.553210,27,43
B,16,13,0.769554,27,43
B,16,14,0.846106,27,43
B,16,15,0.524262,27,43
B,16,16,0.436082,27,43
B,16,17,0.959724,27,43
B,16,18,0.218947,27,43
B,16,19,0.336879,27,43
B,16,20,0.307647,27,43
B,16,21,0.915158,27,43
B,16,22,0.322699,27,43
B,16,23,0.701928,27,43
B,16,24,0.801767,27,43
B,16,25,0.226067,27,43
B,16,26,0.820109,27,43
B,16,27,0.063760,27,43
B,16,28,0.349028,27,43
B,16,29,0.649121,27,43
B,16,30,0.158395,27,43
B,16,31,0.659403,27,43
B,16,32,0.279548,27,43
B,16,33,0.119840,27,43
B,16,34,0.688208,27,43
B,16,35,0.746664,27,43
B,16,36,0.712763,27,43
B,16,37,0.622485,27,43
B,16,38,0.028305,27,43
B,16,39,0.324474,27,43
B,16,40,0.965134,27,43
B,16,41,0.029788,27,43
B,16,42,0.510271,27,43
B,16,43,0.275898,27,43
B,17,1,0.247377,27,43
B,17,2,0.123254,27,43
B,17,3,0.544836,27,43
B,17,4,0.595592,27,43
B,17,5,0.521013,27,43
B,17,6,0.728197,27,43
B,17,7,0.804545,27,43
B,17,8,0.062622,27,43
B,17,9,0.667570,27,43
B,17,10,0.879702,27,43
B,17,11,0.414713,27,43
B,17,12,0.565731,27,43
B,17,13,0.303590,27,43
B,17,14,0.613485,27,43
B,17,15,0.510360,27,43
B,17,16,0.320725,27,43
B,17,17,0.171003,27,43
B,17,18,0.159473,27,43
B,17,19,0.338665,27,43
B,17,20,0.149799,27,43
B,17,21,0.471393,27,43
B,17,22,0.207788,27,43
B,17,23,0.528105,27,43
B,17,24,0.547827,27,43
B,17,25,0.730287,27,43
B,17,26,0.402524,27,43
B,17,27,0.192148,27,43
B,17,28,0.780530,27,43
B,17,29,0.629131,27,43
B,17,30,0.411931,27,43
B,17,31,0.013447,27,43
B,17,32,0.903674,27,43
B,17,33,0.230673,27,43
B,17,34,0.810882,27,43
B,17,35,0.536189,27,43
B,17,36,0.999163,27,43
B,17,37,0.063611,27,43
B,17,38,0.536467,27,43
B,17,39,0.796555,27,43
B,17,40,0.580971,27,43
B,17,41,0.669263,27,43
B,17,42,0.454285,27,43
B,17,43,0.946792,27,43
B,18,1,0.741703,27,43
B,18,2,0.758475,27,43
B,18,3,0.664855,27,43
B,18,4,0.111546,27,43
B,18,5,0.160291,27,43
B,18,6,0.414455,27,43
B,18,7,0.707688,27,43
B,18,8,0.472712,27,43
B,18,9,0.752083,27,43
B,18,10,0.292422,27,43
B,18,11,0.635032,27,43
B,18,12,0.543784,27,43
B,18,13,0.292352,27,43
B,18,14,0.725636,27,43
B,18,15,0.422658,27,43
B,18,16,0.378481,27,43
B,18,17,0.381057,27,43
B,18,18,0.047212,27,43
B,18,19,0.515756,27,43
B,18,20,0.974303,27,43
B,18,21,0.949325,27,43
B,18,22,0.221480,27,43
B,18,23,0.918918,27,43
B,18,24,0.388058,27,43
B,18,25,0.962485,27,43
B,18,26,0.201624,27,43
B,18,27,0.402210,27,43
B,18,28,0.008436,27,43
B,18,29,0.940934,27,43
B,18,30,0.205267,27,43
B,18,31,0.972458,27,43
B,18,32,0.135774,27,43
B,18,33,0.292983,27,43
B,18,34,0.457456,27,43
B,18,35,0.888329,27,43
B,18,36,0.173435,27,43
B,18,37,0.993635,27,43
B,18,38,0.179565,27,43
B,18,39,0.874079,27,43
B,18,40,0.827639,27,43
B,18,41,0.300844,27,43
B,18,42,0.113359,27,43
B,18,43,0.240901,27,43
B,19,1,0.599552,27,43
B,19,2,0.536046,27,43
B,19,3,0.957244,27,43
B,19,4,0.297254,27,43
B,19,5,0.450773,27,43
B,19,6,0.122395,27,43
B,19,7,0.894905,27,43
B,19,8,0.810661,27,43
B,19,9,0.613910,27,43
B,19,10,0.755155,27,43
B,19,11,0.356649,27,43
B,19,12,0.323160,27,43
B,19,13,0.743194,27,43
B,19,14,0.789604,27,43
B,19,15,0.803410,27,43
B,19,16,0.434451,27,43
B,19,17,0.897014,27,43
B,19,18,0.978235,27,43
B,19,19,0.601234,27,43
B,19,20,0.506074,27,43
B,19,21,0.697766,27,43
B,19,22,0.116024,27,43
B,19,23,0.430901,27,43
B,19,24,0.050837,27,43
B,19,25,0.038539,27,43
B,19,26,0.990811,27,43
B,19,27,0.117224,27,43
B,19,28,0.549745,27,43
B,19,29,0.997821,27,43
B,19,30,0.674041,27,43
B,19,31,0.683763,27,43
B,19,32,0.504906,27,43
B,19,33,0.142359,27,43
B,19,34,0.818790,27,43
B,19,35,0.411557,27,43
B,19,36,0.941984,27,43
B,19,37,0.038489,27,43
B,19,38,0.356417,27,43
B,19,39,0.693712,27,43
B,19,40,0.245379,27,43
B,19,41,0.624228,27,43
B,19,42,0.177968,27,43
B,19,43,0.946527,27,43
B,20,1,0.041833,27,43
B,20,2,0.887490,27,43
B,20,3,0.223639,27,43
B,20,4,0.108604,27,43
B,20,5,0.159417,27,43
B,20,6,0.391666,27,43
B,20,7,0.499438,27,43
B,20,8,0.466954,27,43
B,20,9,0.291893,27,43
B,20,10,0.240499,27,43
B,20,11,0.848888,27,43
B,20,12,0.880122,27,43
B,20,13,0.012416,27,43
B,20,14,0.375534,27,43
B,20,15,0.970429,27,43
B,20,16,0.138649,27,43
B,20,17,0.659228,27,43
B,20,18,0.748992,27,43
B,20,19,0.334747,27,43
B,20,20,0.591805,27,43
B,20,21,0.640030,27,43
B,20,22,0.490846,27,43
B,20,23,0.310719,27,43
B,20,24,0.215789,27,43
B,20,25,0.955488,27,43
B,20,26,0.411831,27,43
B,20,27,0.374264,27,43
B,20,28,0.941082,27,43
B,20,29,0.584054,27,43
B,20,30,0.864792,27,43
B,20,31,0.541166,27,43
B,20,32,0.729247,27,43
B,20,33,0.248806,27,43
B,20,34,0.802958,27,43
B,20,35,0.059953,27,43
B,20,36,0.868989,27,43
B,20,37,0.347118,27,43
B,20,38,0.791176,27,43
B,20,39,0.932287,27,43
B,20,40,0.506582,27,43
B,20,41,0.442632,27,43
B,20,42,0.871997,27,43
B,20,43,0.419713,27,43
B,21,1,0.957005,27,43
B,21,2,0.487045,27,43
B,21,3,0.605798,27,43
B,21,4,0.366029,27,43
B,21,5,0.460385,27,43
B,21,6,0.403742,27,43
B,21,7,0.375407,27,43
B,21,8,0.286057,27,43
B,21,9,0.773788,27,43
B,21,10,0.610964,27,43
B,21,11,0.734236,27,43
B,21,12,0.103241,27,43
B,21,13,0.078909,27,43
B,21,14,0.656843,27,43
B,21,15,0.157148,27,43
B,21,16,0.735078,27,43
B,21,17,0.817887,27,43
B,21,18,0.494922,27,43
B,21,19,0.886461,27,43
B,21,20,0.474219,27,43
B,21,21,0.572898,27,43
B,21,22,0.568189,27,43
B,21,23,0.289599,27,43
B,21,24,0.123199,27,43
B,21,25,0.087894,27,43
B,21,26,0.556815,27,43
B,21,27,0.559348,27,43
B,21,28,0.236523,27,43
B,21,29,0.795812,27,43
B,21,30,0.491341,27,43
B,21,31,0.787505,27,43
B,21,32,0.150125,27,43
B,21,33,0.928067,27,43
B,21,34,0.927936,27,43
B,21,35,0.541148,27,43
B,21,36,0.367823,27,43
B,21,37,0.310217,27,43
B,21,38,0.131319,27,43
B,21,39,0.683668,27,43
B,21,40,0.722399,27,43
B,21,41,0.722994,27,43
B,21,42,0.358941,27,43
B,21,43,0.549027,27,43
B,22,1,0.789567,27,43
B,22,2,0.197267,27,43
B,22,3,0.133246,27,43
B,22,4,0.344910,27,43
B,22,5,0.384355,27,43
B,22,6,0.169572,27,43
B,22,7,0.610077,27,43
B,22,8,0.945854,27,43
B,22,9,0.187703,27,43
B,22,10,0.122366,27,43
B,22,11,0.455722,27,43
B,22,12,0.472304,27,43
B,22,13,0.796217,27,43
B,22,14,0.435750,27,43
B,22,15,0.793866,27,43
B,22,16,0.445158,27,43
B,22,17,0.742509,27,43
B,22,18,0.037402,27,43
B,22,19,0.453122,27,43
B,22,20,0.197839,27,43
B,22,21,0.916093,27,43
B,22,22,0.756414,27,43
B,22,23,0.957418,27,43
B,22,24,0.502699,27,43
B,22,25,0.248268,27,43
B,22,26,0.351723,27,43
B,22,27,0.750165,27,43
B,22,28,0.431176,27,43
B,22,29,0.581867,27,43
B,22,30,0.911129,27,43
B,22,31,0.446198,27,43
B,22,32,0.421575,27,43
B,22,33,0.675912,27,43
B,22,34,0.873593,27,43
B,22,35,0.524108,27,43
B,22,36,0.358403,27,43
B,22,37,0.974983,27,43
B,22,38,0.450247,27,43
B,22,39,0.479688,27,43
B,22,40,0.580022,27,43
B,22,41,0.948293,27,43
B,22,42,0.613973,27,43
B,22,43,0.721108,27,43
B,23,1,0.319647,27,43
B,23,2,0.771705,27,43
B,23,3,0.581412,27,43
B,23,4,0.587798,27,43
B,23,5,0.989655,27,43
B,23,6,0.838353,27,43
B,23,7,0.704616,27,43
B,23,8,0.062344,27,43
B,23,9,0.218866,27,43
B,23,10,0.239268,27,43
B,23,11,0.280501,27,43
B,23,12,0.084088,27,43
B,23,13,0.426149,27,43
B,23,14,0.620862,27,43
B,23,15,0.950403,27,43
B,23,16,0.070768,27,43
B,23,17,0.139806,27,43
B,23,18,0.429550,27,43
B,23,19,0.973247,27,43
B,23,20,0.291905,27,43
B,23,21,0.842588,27,43
B,23,22,0.580727,27,43
B,23,23,0.833199,27,43
B,23,24,0.052769,27,43
B,23,25,0.478124,27,43
B,23,26,0.799636,27,43
B,23,27,0.805976,27,43
B,23,28,0.414337,27,43
B,23,29,0.959546,27,43
B,23,30,0.800603,27,43
B,23,31,0.900290,27,43
B,23,32,0.968717,27,43
B,23,33,0.694247,27,43
B,23,34,0.798132,27,43
B,23,35,0.037616,27,43
B,23,36,0.935312,27,43
B,23,37,0.648853,27,43
B,23,38,0.651606,27,43
B,23,39,0.534953,27,43
B,23,40,0.067540,27,43
B,23,41,0.246793,27,43
B,23,42,0.064443,27,43
B,23,43,0.545943,27,43
B,24,1,0.906782,27,43
B,24,2,0.324982,27,43
B,24,3,0.452864,27,43
B,24,4,0.140362,27,43
B,24,5,0.963150,27,43
B,24,6,0.069981,27,43
B,24,7,0.397427,27,43
B,24,8,0.674337,27,43
B,24,9,0.955347,27,43
B,24,10,0.961027,27,43
B,24,11,0.232391,27,43
B,24,12,0.038185,27,43
B,24,13,0.817256,27,43
B,24,14,0.769699,27,43
B,24,15,0.348841,27,43
B,24,16,0.587370,27,43
B,24,17,0.556295,27,43
B,24,18,0.285337,27,43
B,24,19,0.338139,27,43
B,24,20,0.713083,27,43
B,24,21,0.493723,27,43
B,24,22,0.025854,27,43
B,24,23,0.539583,27,43
B,24,24,0.292080,27,43
B,24,25,0.990982,27,43
B,24,26,0.857091,27,43
B,24,27,0.035845,27,43
B,24,28,0.705771,27,43
B,24,29,0.074256,27,43
B,24,30,0.476021,27,43
B,24,31,0.197722,27,43
B,24,32,0.248542,27,43
B,24,33,0.424074,27,43
B,24,34,0.558941,27,43
B,24,35,0.370364,27,43
B,24,36,0.490022,27,43
B,24,37,0.878798,27,43
B,24,38,0.909933,27,43
B,24,39,0.700166,27,43
B,24,40,0.873544,27,43
B,24,41,0.228592,27,43
B,24,42,0.462581,27,43
B,24,43,0.880688,27,43
B,25,1,0.232656,27,43
B,25,2,0.201505,27,43
B,25,3,0.508809,27,43
B,25,4,0.843494,27,43
B,25,5,0.742359,27,43
B,25,6,0.067956,27,43
B,25,7,0.614264,27,43
B,25,8,0.981709,27,43
B,25,9,0.392131,27,43
B,25,10,0.886985,27,43
B,25,11,0.896936,27,43
B,25,12,0.484540,27,43
B,25,13,0.674118,27,43
B,25,14,0.776783,27,43
B,25,15,0.074807,27,43
B,25,16,0.723842,27,43
B,25,17,0.205980,27,43
B,25,18,0.766926,27,43
B,25,19,0.512643,27,43
B,25,20,0.925091,27,43
B,25,21,0.349181,27,43
B,25,22,0.959258,27,43
B,25,23,0.932674,27,43
B,25,24,0.559374,27,43
B,25,25,0.529752,27,43
B,25,26,0.310811,27,43
B,25,27,0.620342,27,43
B,25,28,0.353401,27,43
B,25,29,0.338629,27,43
B,25,30,0.268313,27,43
B,25,31,0.282643,27,43
B,25,32,0.624851,27,43
B,25,33,0.534977,27,43
B,25,34,0.652126,27,43
B,25,35,0.831851,27,43
B,25,36,0.271401,27,43
B,25,37,0.195883,27,43
B,25,38,0.789454,27,43
B,25,39,0.219695,27,43
B,25,40,0.928188,27,43
B,25,41,0.665806,27,43
B,25,42,0.181493,27,43
B,25,43,0.543456,27,43
